julienlabbe@club-internet.fr;95ebe23f5bf74132e6f8debd1dbd99b6b7c9f3dc86c6ffaa039245f533900e31
margaret76@hotmail.fr;ff7fe04cfb7a6d5ec148128b62fb4977c68233feb262a662aae0932fec2f42db
rene42@dbmail.com;f95ec4c0de2618651f47620e0e4ebe93ce77e173e6ffac0ccffb7a6017f797b2
duboisalphonse@sfr.fr;1e2c993e55e89778c2cb55601b9cdba10a9ef2b70bb62742b358cb116f75e2fa
ericdurand@sfr.fr;6623e42ce987e3b3d5cb76a69feedc31f64f99c217569282f5640a800681261e
pichoncharlotte@orange.fr;c7a5ca25a870a5bcd1106192045680a2c0590c72a438e40100be3c4ff9345efd
gjourdan@dbmail.com;aec9b7295e4b117bab5a83ce67baede1edd61cd4f536184eeaa6b0265fab2823
eugene58@voila.fr;a50192e9d4c6a0c8308a3f45134ab04717dd22cfef3ab73faa23fb85063fd45b
leon00@voila.fr;9cd33c55de94fd206855a4bc64ae1389bfb07d5868290fdc4f21d1b7dc2ba3cd
bernardraymond@tiscali.fr;710e491417778af8d9ffd76527265c9bb5af52d353788ed82da3ee679c04b27f
gabrielle76@live.com;1babc60a3e3c473f6f34326e1788277d5b0fff055883ca719a69828d7ff03cf0
constance50@noos.fr;16253e80d9eb8fbc8514959f1a80a64ab580893034604678ce4a239f8b1824ab
reneleconte@hotmail.fr;7b4d19482247f36d8bb0a2daaf92f226dd79417b6528285080353c07739746f4
joseph18@gmail.com;33e79728397eb46a9ff642cbf208db50c28dc696bd4978d1ae021ff33f0c9324
xfischer@dbmail.com;6c88b52996ac567e37ef2d7f67e99a36dffc49ffa7afa881efafc1843527e6db
jeanne55@noos.fr;f1620c0e62d45abc213a9c9c3034bb8ecda8e851860dfd8630f70a0037a2ab76
pguillot@orange.fr;10b6d47bddcfaec5d8140e3051f6409cf876ef55f73aab238f75df723963521d
olivieweber@tiscali.fr;c42b78ce06f5091f13f9b8dda5dee3e171a67b0a9566877fb6610a9738c036dd
etiennemartine@live.com;a32b120e597081f65ed77cbc36549e31ab8a2ea8ac4628f2e7464b43913e5848
reymarcelle@dbmail.com;303fa75a21c00b0df8a23fff4d489740ab61331ff89f4eb0be6a6665f6d7902e
kgirard@laposte.net;7eb9c388d7a8dcd54882d5e07b579d9fdf22be9877fb5a3c1b2e6cecba61aeec
marguerite53@noos.fr;a21d6d1eef41bd5b8cdee2a5d1dd836bcdd3d506ad7eb292c6c8287db5593436
timothee37@sfr.fr;35bf2e4b3a3b9bafa7d54d168a3f904ac998690206b6e97b39f1d6ee45f414d8
bouvierdavid@dbmail.com;c64e4be1a1114582a43551caa1d1978dc8d94e8c304b67b511114ba79a3d75d9
stephaniemarchal@orange.fr;e4af25e28e2aef2a7d759c9bec78a479e3b7507d78bd6db82f79564f3e863561
ale-goff@club-internet.fr;1248d24b81063495596d36634d183375ef78f34be959e78a5a26880ae3b14fcf
legendreines@club-internet.fr;732348a0bb7afe0b79c477196746976d054f66df42f76852a0841b2d60b73499
potierauguste@free.fr;541f23edce1ea6f11e204c308a68e6aa44d81cdd4d2407e65220f8557a842a0b
martinweber@laposte.net;b9f7ef3ac858edad8bc502551451099b4b0c032fc5c2c60f0ecafba566db6da9
qlaine@live.com;b83684e024be1daab1b4ffa5ff0e0a95b2dde82967571e7c821baa5de5891940
ilabbe@wanadoo.fr;2e9fafffbbac5cfd006518b24601671e16f8ce87b6f84d53da5d96c50d0b6e2f
nroy@tele2.fr;4547e7db7c667dcb46cf5dd180c1d5e33e46c9ce3d2f9403ffd06a718cd6da29
guillotdaisy@gmail.com;b41ca074e2c631cd177c3a998e72435152ea0e1f6c30a078f2587a7062fd0b30
chevallierisabelle@hotmail.fr;20bfe133474b119da9084596762657ede6da226987b905520b12da93d9689a0b
lucy90@yahoo.fr;3a4bb68e0726d29ac9ab34af4fc3346e99769507b713b8408b485eacd1353bb8
blemoine@voila.fr;ea6dcce12866ceb252526d588fc80e3c771192cfa69586ede0cdae825157937e
augustinvaillant@bouygtel.fr;13f626a963a68d33a7f18ef3e3b419f10120ef683828bf70d99b3ec360aa3cfb
lorrainefischer@hotmail.fr;ffdc0912da7fb872d527aa1bbf8a067fb6fe4ae24ebc21ff151acc8d3d29797d
audrey08@bouygtel.fr;ba485096d6926c6c158b39a893f0c63895d38a721ea6661f2b8c7c09800d15ff
pruvostaugustin@laposte.net;367668f779317d6070dd1bd986c8f6c52d8012fd5d9d8d944418ece2e0d376af
victor99@voila.fr;48c4e538c7145d7108a0440dc67f2239e7a99ec275e8f850ecb770ae02239d7e
frodrigues@club-internet.fr;62ca9dce3f0898dd453d9c43c9427dbf3b5c922d646b95bfee828dbe449d7d1a
jdelahaye@wanadoo.fr;45a57350d67c3a9cce10633d623b55969b520979fbbcb12da1b0a4fa5106ebb2
duprejeannine@club-internet.fr;81ae3165986b7bcbdb2a28d8235ebcfc5a5f40420be847e4edde390fa2da851c
isabelle55@voila.fr;be7cf74744ed815f0506996a54cf2f0f5cdc1f6df68777210cd1f7ebbf439865
traorefrancoise@gmail.com;81e74a3a5876238d4fe3a8d45c99018c46ba85d76a2b5dd522241efe9b939645
denisrey@laposte.net;46c1f16ef350397b8c02ebd761d569c6ed9bda51c5c7dd44639576ae70ae17f5
sthierry@laposte.net;7c784f774c8e7df74c94cdf2ed9a83daae833ee0c5c8cfa6b12ffef6ae1f7a99
edith18@sfr.fr;4988a3edd61203d1d56679c95af84ca3c91aa6bd6bcb25ca5be382ed632dfb36
kcosta@gmail.com;bc6917f1906ba24e6ea770d789d4333710b5d89de133e1df11c35d8116d24f3a
juliette68@laposte.net;08dd4193b5ed0ccc09cc7abc629a5ae2f3aec55e7dee69c0eb56bd0e3c8400d5
gimenezisaac@sfr.fr;d70f40b384492c2a1ddc594bcf3f111d7ec6b307a3ed05b863549566c2f33cf9
matthieufernandes@bouygtel.fr;0cdda320f51d706ac393627dd9d72992bed8dddffe429b82d993c9f0486cfc6b
tristan07@ifrance.com;931354012d2be2b4b5cbfa5e7d78ba2c77f922e032d75f150bbad55b82674809
de-sousagilbert@laposte.net;1ad0a094f13a51eab7a1b7e070b372023643665f4368ae6eeeaf57fc3931bb66
vcarpentier@dbmail.com;ae171237d1e54468ff2b29da343906016aa3bc5fa5528b05150648f97e69e074
fdubois@yahoo.fr;a2d1ca130f7dd93ecdcbc0dd84e987d1908d9786b4fa28290daf68efe4b08fec
antoinette88@ifrance.com;b83ab3e73cc4fafad1f5de3ab35d6975f51b7ca7df0d111033e206ba011f9fd4
mpoirier@tele2.fr;7d04d23856d56bbaf0be48e3d246a239c01c29e78ede4e6ecb2441fbff913cf6
csauvage@gmail.com;948e620de428c7e11feaa35d5b996c894a1443785f26b3d7dce743bbf4a950aa
pierre01@wanadoo.fr;5d8a339d9e6915430810cddc747d7746e02ab8cb16646a0325450e9d48d74e72
georgesclaudine@ifrance.com;63a5eec9635c2b4561f33880dd92f2904656d96a2b9be75960158cc85a4a6652
nathaliepotier@noos.fr;3c35bea8b5d64d57e00d443beba4a2ebd65226aaf9ef23f2c97d6450310f1fdc
samsonhonore@gmail.com;21d5b2206d133171bd7fa391de191793abbbb9b6e6ef26c76ff061d8143cbc79
jacquesvallee@yahoo.fr;5b3ab295933cb20ecb152e9ab019df126f3e339a7fb8cf27b175f0a448fba16c
mauricebesnard@sfr.fr;4b941d8e310611a846841a566860fa39257a9d57b526a51a28007e740e31c4ff
csalmon@bouygtel.fr;90cedc03fbdfc62c01ffb424e055f470b3bbb39d25aaa277a410c59083fe91d4
elodielejeune@live.com;47f94da8a3dda2638f24d4023af1f0d1ef97ffaa0e63dd15e6a6b3f9b20c23b8
jacquelineleduc@live.com;2262c8c1fcc5173e5f3b248e24930640872727096ee99e890fa460b83966fe85
celineneveu@ifrance.com;31fa062741b06e69deab744cb1c43f17600cac85a48bc571a55ee9e4d547a9c1
carredenis@ifrance.com;d54893373cd4c452e3f294c0ee735235c33342dacb3271bd90a8974963dcbb17
noemigilbert@gmail.com;2b73758fc2349b77832215bd5f70e8bd5cfac52b8f6feddc8349101477b81a79
mauricebrun@sfr.fr;fbe9513b856da13aae55d3f96ede9be4a2b864eaf21990316fad37787c9d36ae
bessonnathalie@noos.fr;c9aa8a780ee96b2787276075e4c52e1fbef5498e30966e9aa862912a4d71114b
chartieroceane@tiscali.fr;eb07ab06b8fd816eee08491192d3b5554de6a848b56af0f71040fa2da721513e
jchartier@sfr.fr;b457ad13d077e72b8a3afa69d74589afaba52d9a8b5ff05a24fc7e558f8f9797
petitlucy@laposte.net;4f88cb363b78ba01e0e54784377fb608c4b3dedb3f09af43a835003fc1d675c8
llopez@gmail.com;51774a508168b1ee631e57b29ac220a2d3e54b86278a0c1938fdb637713f3f21
itecher@club-internet.fr;a3bc7e9e1a8a76f0d3337a5824ef34dea6eaec27cdc425b829f9c4f0c1128d4c
colinarthur@bouygtel.fr;b98789c9c5aea0c482a38a82de0008c19fa852e3f4c783d0cbab2d9bb94e07ee
olivier84@club-internet.fr;addfeea3443c06f19e974bc370acb298ec66b4d87df78ed0cf1ad659bcb666df
potiergabrielle@club-internet.fr;350ab36bce7f7372126f071692a25cefe6b57ea43c26ed3f9b32ddb22572450c
constance58@hotmail.fr;21a03bf8cdbd722f1e118d13a47c71f394edd9e487f0ebac939473de65c9a218
martin11@laposte.net;cb1a40584e691846e26a9588b9d6988ff8a6966a26a05f989261c9860adb9806
adrien73@sfr.fr;f6091f43123c0ccc4caf52ed2560c3bd21595710a028ba55f97dc64ca205224b
thibautevrard@ifrance.com;0748da1609df679a9b6db7e2f0cd88e5acc62aca6fa9babad8ffcf2494abc9b3
lgimenez@laposte.net;ffb53072e871035506673a68fc44193ea4d3540e3c24087c2713bc0b37692825
anne42@voila.fr;f3ede7357c3a15eb5e829e96bc016580a67ddc7f228a7b73414f1fd85cedbe2c
honorelegrand@gmail.com;6a8835302943daabcb3b50f4114613571301f1b4b5db6a2aaec3b0e135e66045
daisymorel@club-internet.fr;0ce81a370be740b6d25632af3c3f241e32a006d7875bb4df5b0301491ea51da9
crousset@wanadoo.fr;4683fb46094731281c5cc33209dedde2be77cb4500d86831e14c75d9931a6f08
leroyolivie@sfr.fr;25158c95e0f59ca1d3683a1105d0417e9eb2d10d20d22504725aca0d0697d1f4
zbrun@noos.fr;9dd09c17e0200a7265fb8ccd525171848cf0b9127a44d595d211caef3b0e85e3
qdupont@free.fr;6ce44636a9febbb8040a75c74230317a5aecd5c3c19dd1284216d27b052b468e
tmarques@hotmail.fr;5104a0cfc6daf5efbade3b599f111b8f33a22f61fb487ecec77b0523fe98350f
falbert@live.com;4b5986a3950335b181ab8249c9641f94e467854b9f235b7eb0016789de8d8fd6
renardclaudine@tele2.fr;9eb6b2a5af5081ff25988e6cf9c91116a4750db2f65a4d3561c0b51e60bfe6e1
therese45@orange.fr;3b2699a55bdc80e6bb08d6a83ce92ba953e449dd1640ff08437a063658b2ca02
celinesalmon@laposte.net;119da982e8531f8fa60058917f37c34f4c2d5278d171eb2779b68e3f62b41089
zbodin@wanadoo.fr;5fb049bc517807d759f37125ce54a118b9f4501c63fbb296f80c748cbc67e99e
tristanraynaud@tele2.fr;39a236226e6d2f44fc4f194f2cb1af7d75a7317a8f062950e9188d0c4d619e84
alexandremahe@noos.fr;47225c8633bd0ab8ad9683a4078422d9c850485ebc87c0ddd64283f7c7d0beda
hoareaujean@voila.fr;debc29cb70b2fb1680bc99e7b7423984a8cdfc4dda4033c3d786c2b344b02aff
bdumas@bouygtel.fr;984bae086b4565170509d754991ff34dc5afcf07dc94579150f6707e524bea5c
thibaultnathalie@tiscali.fr;6867730153b4f659f5ee337cb30468a836ab2978e7b698e5239e952ceb461ee8
adrien45@bouygtel.fr;ee76ea704bb9703eee0a4f30ac570b3bb2c4852a449c9e5d21fbd117b6608ded
fbailly@dbmail.com;90b454c9c1d59fd3be6deeb866a5263d836e593d668e9e875ec8aae9e18a4306
christophe09@live.com;1db3a4f39bcac876484bb9109d19ef15edce82f37afab25b976d30ed7b17302e
legendrefrederique@hotmail.fr;2be10485b79297355bcc68aeb00a014264ddfa47089f50bdb5d54b98b45e5ded
iberger@dbmail.com;6c9f06011a845f01eb31965d0dfbaa1ea68c0e30c40b3b39ed49d415ae418f00
cguichard@free.fr;1bdba8eb332531abb44103343e6d39afa9edf12dde14c55d7552bf619c56452e
genevieve39@wanadoo.fr;deb91af69828fa7b7f7f8426f29ca695cc350ab7d65d77c7a8750765f36d89f0
brigittemeunier@bouygtel.fr;828de384b2fb5e3bbba680117366ae8f46183a6a9a35446453a7ee8a1ecf6463
josetterocher@yahoo.fr;43d75ad876b8fabb0c99172620b30de581ab86cc0696684331200e1d9809ad68
henriandre@free.fr;1660cc368a08cf561930c0cf4746411ada1187821cfd63c1aa271c5e3795fe20
malletbenoit@free.fr;5199f9cc3917bdb9c6143de425c69f81c470b25f82e6cabee7311690363a82a2
martelsimone@bouygtel.fr;093568df4a02690c1bd5ba36d56c09c607195a78b3d4d9cadff192685189d0a6
henriette63@ifrance.com;1dfc52b8e879b56e976cca0b3b0d3bd2bb749b860b7c69fdd210d1d455961b0a
clementeleonore@ifrance.com;d1e61335fc06f02ced80b3f79440dd47f9eb231d87c741dc30a5a153f60f7ff1
bhardy@orange.fr;13197621290e42140fa367386d312d2ed2b351907bfe4c679853a3b76ac3ab36
mauricefranck@laposte.net;86048e12bbfb7eb3d02e033e89579a4acc7e898076b34519d72b119eaf89c9fe
alvesines@live.com;c11f065b0347fc86b76eb712440de34f6d2f2d46e723a11ffa25e654a05b570f
lombardchristiane@orange.fr;ef6ceec359ccdd74bb2681fb1e88908c5a6a0e4c7b0b8182244688e1600aece0
arnaudelemaire@yahoo.fr;2913ce538a2b8d1e34f8dab01070f1a2012ca1308bd586844dd137cb8229de43
gerard73@voila.fr;d5f199ef84c1728d74175c57e6f5c1d7db5ad3872b9626fb16738a658f785ea1
bergerzoe@bouygtel.fr;7d98674721fa8196e52dc8fba00c7092d8c9b9cc41a172758db18224873e9619
wfleury@sfr.fr;0fc98092b1b79bf9785fe372b0fadfbe902c784a2549b31190a144fb07d5c767
denismartineau@tele2.fr;75d4475b097bd2a51ea941c7b3ecc71deed956fb471a94535d5cb5565d3ed3c7
roger68@ifrance.com;d75ac8066c682ab4880e68a13c9e2537fde0f5d981078fe8c275132a1f47a369
yves51@live.com;709a41df72c792532ec50fa8e2dc5b3f1eff165c7b6fbc46f78184b5f1e071e4
smaillot@orange.fr;2b1a8d3c0bc5750265cdfa61dba6280bd4bb467ed9a02d3800388da5afd58483
roybernadette@dbmail.com;19215c798651eb8270c3242ae0852c17bc205e54ac3df779775c097dcfa2fb45
epasquier@sfr.fr;1fc014dab70ca672bd2d84143858faf80932e3118e93ec3dea2f12c9bf935349
nferrand@free.fr;e930b79568c364aff5bb5d49b1b09916b43af582e7c27062aedf72db87a74f17
bodinclaire@laposte.net;32f5c1824b6a241e2a83cb43a388743cac3796e124276f620e3d1f3c0ac43eec
chauveauemmanuel@ifrance.com;e708c3b06bd7397fa168a6723a455013455f9e6a58f41bf6dc6ff7e380c27326
rogerdumont@tele2.fr;209deee618458db42eb006dcd69911c30413b4c1c62094b4ae3162b64b43eef7
madeleinepons@live.com;77e4816f998eacf1bfba9e5400099f9eb95c7cdbb5d5631d80a10bdef9b2709c
lenoirraymond@hotmail.fr;7119deafa40500e7e31344e08b2722ae0cae3e36216bc215f9ddd67981325a54
duboisvalentine@hotmail.fr;246d93367339b8644c0a903e5d5366032fb0e7e23959161164a5929b7b3d3184
lecoqalfred@live.com;199d6fcac73617dd7f2e4a0ea4c4ed6576f64fce1502d6088950eb7051e1c4a0
pdidier@noos.fr;3b9733c742226f20c78f6d0d1107b8de47408c2a1c0b8a8a5200f386284ad5db
theophile36@hotmail.fr;ef15217c52c1dec598a12c4f809a6ba166f5eb547ab19d45a9c3561e92f3eef0
denis91@ifrance.com;cdf716fde2f9c919864b04b955b23646c563deb56b18d90334e900cf0e7dd06d
mahealphonse@tiscali.fr;28ab8769256343d5186ddd905276683e2b8aeb40dfd3688a2bc4e3cf1caea6d2
charlottebesson@hotmail.fr;501c88c9fafb21f316030def3239176df7751a44ccd5c42615525902b8bfdeb6
malletmanon@bouygtel.fr;9cc5b26381dc92c93e19f3e86e951878249f69f5b77f8495a065958d87922feb
hrodrigues@tiscali.fr;e75c51801044bb108d18bec5032a77f29326147e12bf00f78569e1a4dff4b4b4
eblanchet@bouygtel.fr;d6dfde321009d644271b488945b5c7a219a98f951dd8b82be468e830d22857d6
ngimenez@sfr.fr;2e3817d4446ab959c0ff51fa3b7e9411b6c63a33b0b3b92688ccc25718878114
robertzacharie@gmail.com;bd58a2b57c34f46f057f7f29b40c4d3c936505109dad4949ee3b9e89195eb1b8
alicebouvier@tele2.fr;81cae5e4312974cab418556d7df5700e6ab56c6ced27dce6c9d5256b845754a7
astridguillot@yahoo.fr;046dc2ec2ded226a3f6dfc19b0edd9a92238670dd232861dcbee36fcd6d6187f
guilbertpenelope@laposte.net;bb3b3e7fdc631cde70fe04cf85b0339632cb41d6d4a83a305ba79c223afcd1fe
ksauvage@ifrance.com;a49319c2cb97b690167c06085d7cdbffe34e760d86349f81f5eb46b08a5db3cc
ubecker@live.com;1c43ac73bc2ba3b454c07bbeded6d79ed5cbe9b00d4f0c241940d4aef52434a2
martineznicole@club-internet.fr;c4301014ec2a2481c195037728b1679ab485a4ee1fa5e1604eded904191e58d0
qduhamel@laposte.net;f5bc94967f237d93ba1f1a51f492262abbfe22b09653c3dede703f2ea953e297
manon86@wanadoo.fr;15bb3b278ae410c9daf3e016ee72795795dae43fa3c27c5b5ecb9301a87a96a9
adele23@orange.fr;ebe6a717ea6a7bc24a7f17637902ff7b5623f443d431c994939e9f2c5511e6f6
huguesclement@sfr.fr;553bdf5f352fa5a297898b00cfa83a9ba91cda3060e7085d32b8b66e2f8c7507
maryse35@free.fr;8e0686dfb143103c1fcb0ef1fadee7f712e5f3a87a739742fceba7a1f005f892
julieseguin@noos.fr;90d3e9ff33d8126500a4fd748b5e421b4e5eb1bfd8f771bb67b340f6f9842193
francois20@gmail.com;6845c402d6e97ad4a88fc50e24967b91e9a36d3c5662b0592ec90e28dba6e2a5
ofischer@gmail.com;9ecbe216d24c31e58762e81b2339c55824396671d7ed609fe5646590a2d0283e
emmanuelle81@ifrance.com;859749fab84e8cf6b0f655474a1c4b0abee8d61c47952689d8d14e5f2c66f003
dianebreton@orange.fr;f4c5a4c09d6d8e9e1bf15808599030459da7ba121ae2123e6ecf2aef69a24a13
benoitpierre@hotmail.fr;b6bb7b1c79e397a690ecc5f28add578c224606c30737d03d75066309aec443bb
pereiramarc@live.com;3ec80fbae959d69539e5070357b84045c062e4fe314b3bc2162539b197d7bfa1
wsanchez@tele2.fr;a9ca78b84b5f01df8fa8a396ee7852a206f0ef6440cb3141cd58785f3808cd12
raymond06@tele2.fr;5193284a86415bb68f2d1692deb0b7ef441cff15f9e037caef72f9e0fd9a4679
fleuryrenee@ifrance.com;19dcb62fbb1dfc8a1b70f1e3a252031719da63a8671d953ed9eef88d4a518e30
gilbert63@tele2.fr;e977a4a29e4a1e41ec7693e12fca464c30b74bc5cfcb81ea7708eaa1748710d4
eguerin@laposte.net;37bb209dcbac3de99925f98c7b148810cd3d1647a4a49d3427c3efb78d5fc5f2
aubertthomas@gmail.com;c493369f569f890ba5a901a2af54bed7061875190c21d8e36acc9e6928b5d860
nathaliebonnet@wanadoo.fr;757db664a2f5fe24b013171c4293739341c75b51156222f62df3853bc4ab0a33
sabinebodin@voila.fr;c6da220c09621374a402fda7174185a9d73f81f2163db915fb8d33323eb6bce3
genevieve78@gmail.com;8b06397dc1cf5baf45e7b564253cfbf4ae4f0d16db102351c48083d5f5e3079f
reyclemence@gmail.com;847d1ae4ea3062450e363731437c0e4a8c07f5b6fb2f4001928818635c5acb09
guybreton@orange.fr;817832ff7f43277cd6c69f63ce8d5f097f25651103400dad2c6ed324a253d09f
fjacques@gmail.com;ef178fd5dcdf2697b079c616551b172d2690b7ad304b8c7aa700a73f46447457
levymartin@wanadoo.fr;f873f1233c3cbe7b229e8648e362c70f0365ebd6578ed49bfcfdf1673e5f5255
frederic42@hotmail.fr;d8d1aebc393ef32db433a1259d58a3274f38a5071a976a1bc99be88d9f0cdc4f
vpruvost@free.fr;78dfddf366b8009986af4bbfc8245457e61fa446db6bbeb3b1e61f174ebbb219
marie85@yahoo.fr;868a0388deea67efc4a46c0df1df9451cc8402cf035a3b7e95b6e16796c7b937
fredericgarnier@gmail.com;0923d17b05e8b447e192b4b5161104755886425aa6f8304a18dd97271927938a
gonzalezjoseph@tele2.fr;2c028b29da00897b5f535ca7218674d0c4693a45067135c3af9c12b3b42e866f
sylviewagner@ifrance.com;7f9cde43c36a3a5323ffd84dc538cd64b0238413864fa5802cf5a09b33aa2bc3
gblanchard@dbmail.com;bd662827f8dab0406b63113f96ab0007f865f1ff1c26a51a5a2263dc8b5e7003
olivier02@ifrance.com;f7df24dff37a71027e1d95ec6184b84cae12add32403b4f516db95828c09d6ab
uvoisin@orange.fr;83d4212e632b7feb79ec7728116aad202d9c078e9f43ea1b6fe706503a79dda3
duboispenelope@sfr.fr;e9f1626458d5ef9c0c1a9f7900e8cb213a5ab9a612b56fb66d2b6610cd8f44d4
zacharie19@live.com;8d72d084ae0930bcc22c686ab97375863ac814f88e9995a53f299e427ea13519
carliergregoire@laposte.net;11dd9f27f0a8b9c7f9283f72384d48f3bfa3428f85c09ce484618f49553ecf30
lucas31@hotmail.fr;eef3fec890e6aa6b5776995f0b1dbbb3c903cc9419527f49b9878c698bfb5533
alicefernandez@voila.fr;72ac6e40abf7dbbaee7f6138481886cbcde4406a1b2695f1b06921062cb3c601
gabriel60@ifrance.com;f585509e633f77619cda36e723f4cd0b345842ab11b6838162f33e023296c4dc
guibertaudrey@noos.fr;2c91a9dfef6f8212fbe0efb11d0584269ccb78f78df4fd46578c98d21af7c360
coletterousseau@sfr.fr;c64a87832314907574eb875eae3dfee4e9502345cd5e75ea7e6d7993674d9c3c
poirierluce@hotmail.fr;96b615ca4f777b0e3084a8a6140551068daa74dd130660fd8474147a87bcf7c3
gautierphilippine@bouygtel.fr;4862b60310d652b6de808e932f67b7268ff8a5f93052cf8a31399cfbe83a4f61
schmittbernadette@dbmail.com;dee0a61eac33cad25c7894d1238fd11f66ab108f1fbee87725f42b636f631196
lopezolivie@live.com;a060c78a6e849e67ef4d18a209430ce7f639c83c7b4350a6d693c6b7ebb42ab2
jacquetpatricia@club-internet.fr;efd055d5e90415946afefaa28823a94b727fda57b5662380bce7b97dbd837b55
philippedurand@wanadoo.fr;5f9b2e7bf4a3202e441e7e63ed4572578f33551bff43a8bbacba91b943c0b878
constance71@sfr.fr;8e0ef2768e76128696a9e4fea5863eb8595971723d4f00730e085b0322df6a79
elodie18@tiscali.fr;a01c9630790f0b2fd4fa58384dafa68bfef28db5c7f2717c09d88b6ce6d389a5
zpineau@laposte.net;9341ed4530e9640a96ad6d60ed8a1c07ed55612a4b4e6290ee36a0bfbe10cac8
jdaniel@hotmail.fr;f71fc202161fa772187dde5919efc4d2db0e93556668509fa9bf0e5159cd12f8
josephmasson@tele2.fr;4aa459c8c206e3392be6709c992ac35346bdda196418c8adfc8957f4bd2d0f3c
pdevaux@tiscali.fr;848a8540469cce16480174238e78c5a28a828013471cec46736e78cedcd92eae
fsamson@laposte.net;6e1d5a0fd7c9f4f12e23c576ddfa99a5192d2ddb0cec3e1d44801947572ed5e5
maurice47@club-internet.fr;1df385319e176d177e1672f5b33a430aaaf7b4c8938e3f2e7d112652326fecad
guillonmaurice@club-internet.fr;1415bef68829da1a8f28c4be353687bf339639ffec2eaf11c2cf1e4c55516602
aime95@gmail.com;3e6afac363c336f0087390f394a0d07a02f51061ac2c207c5c6717291d3866ea
munozmartine@noos.fr;03836e743f87d12b6940d566c4c111a576ee432f7fc6ff2c9f00396797daf606
lucrousseau@ifrance.com;0b6a5f642e0a7f14522cd0b3021fb5c807e28a4789828e49c1d5e64dedf6dffb
wgauthier@noos.fr;aae146d7911f3c8fac3e3aec6cec978c73f5537200bbcb7d672c42873d9ae7c3
mauryanais@tele2.fr;29095023150d86f30e259b1b720e56446889b1df9d948d3ea9566f2d98aba8c2
lorrainebrunet@club-internet.fr;24c404150735c9dd0b0599514c1ec056c2f7c9ed9c13dfc52c7abdaed14526bb
qbrunet@tele2.fr;ce0fd1dbf1e0660d6395dac9f306bfbb50aa292beb1277dee39e532a7c2ade83
marcelvallet@club-internet.fr;6ae4567311032990ebd9501ab16373de973c22f3d58b61ffebca19662b6d5093
verdierremy@sfr.fr;cbb22f4f82e277d5fc5efd370d5e9cb18b72bed344f900b19c95f454339d6b9e
xgiraud@tiscali.fr;fd5898e65f3d3e915cff625741544731e9af4f3f75615805b82ad13f2148d4f3
xleveque@tiscali.fr;0d81fd95cf533321f586980498cb0ba15f1a96141aa7f17b4e6d7880f483adbd
isabelle03@tele2.fr;204461f8734af4e0d7901e1ecf8d1357d8e7909c4560d795ad0aef8de59a7de2
dleconte@club-internet.fr;46fa306024ba30a84d9e6b7d3d37817c3b2bb80e4ad407e8815ec6c94e8d91ff
rdupre@hotmail.fr;57a10af61b0f88628b1a60d7a87e805995f18868629c474b8559f615cac90b20
nchauveau@gmail.com;98b2c6c6f1b4a5e849d8f0a7a2a71e9cad3479981ffd07691d68d80ac5c59e0d
dcousin@yahoo.fr;c6d0337f384c52dd4c8f4256714c4f7c59c3c1aa9674b7b926414134e656f7e7
lefortvictoire@dbmail.com;0e4d60b677157d9009013a5a8314b956f4e670011654c5442e932a707f618538
aurelie74@bouygtel.fr;ae41226100c44765af38881f4b5d35de6015be6b456b3495c70964335f01dc90
alexandria77@gmail.com;3264aadcfc8d285657c5b68fd8335687431de317dfd2731976be0f1e98fabeb3
mauryrenee@noos.fr;f5f2c8971cda363aa39fe19faf916da3bf0085fd0233d7eefee11888ff71368f
lucieperret@ifrance.com;25436d2add45feb068ba07088c40880f8430a77b35e39cca04f126dd270c7f37
guillaumegaudin@gmail.com;85d1373dbe2d763a169117eca6aece53fcae65fa457ae5f22706a661f80240f1
oliviefabre@tele2.fr;67548e02795ce02d601ffac783a794896d17f87a35c747a6c3bd794419779066
yves93@gmail.com;a12cc7c10590ea12fb0c14250ccf98d845b6c270b89ec3a302815067e7d7a550
jacobanouk@sfr.fr;b0d825218f203edb29042344d56d699956297e8fda813316d7405ccb18df56f7
rouxluc@free.fr;a66c715cd5133bcc551b5928ad33a96c589e70087e2074b00fed2f2b17d8d930
vmaurice@bouygtel.fr;b2d836dd32d6d0952fdb71e435c9bc072adffe0d1d015df0667f5ffd2c2c38dc
andremarguerite@ifrance.com;c6b369fba6d2397eb0a53c4e66065ec1e5c671629bf082517534320c43ddd4ba
capucinegautier@ifrance.com;a45b29d4162a2289edfd960bcda392a09c8b3848eece4dcd74318cef9199bac8
jweber@voila.fr;b2af5a3b5ae6f5866da0f03784e1f6025d9946a3969139d260547d8b088d1199
louisnath@voila.fr;b98c3fb43e8384c5a15c08af48013968565a4fd997fc7ccdae690bc385edeaec
dletellier@wanadoo.fr;407f4f910a176f7191454c4ad88a73919315d98b976e4cf755f9bd39e7cfa343
upetit@tele2.fr;4071cec56b4ab8ee6ea52561d5c89c2972d44bf6d7b8ee62d88ab4d38b0ec213
techermonique@noos.fr;af9b57b20b99a881e7dcb71aea6f0368d75aead4da01729a08a2ee1ab8ee9765
omaillard@bouygtel.fr;66c47ced66fe7f412e46e22629757c8d7fdb7604c982798af397ed647800b412
yguillou@wanadoo.fr;f980bee3d51d86d0cac416f7de50f1a7141927f16d567201866f3cca4e32f3ed
juleslecomte@ifrance.com;1ac15e2c8c173f953986d04eb616ac719927166415f63267e9067278f77c9f5d
emmanuel72@gmail.com;f48d1129c1c1b782e8c4d1f5a7b8838c0741950fb723f89c2812dfac6ba284e9
pbailly@tele2.fr;91c44b456e92a6c19d1d6123b521ea3ffe2e74145a470b3b7b4edff080b23366
uleveque@yahoo.fr;b6cc71d6fc46bd2a9d6a5058be4e56fb24c9b8c6357d7ac73734376c972bc8c5
lamyraymond@orange.fr;b35081329232ce22bf28dd13908826cd4ad2a9710a733ef08e523328c9dca4a1
aimeeraymond@laposte.net;308818791932b9bbe36cefdf222577d4665062a60475904ca81b63f498a09090
pbourgeois@voila.fr;1705128ce5d6c086a61d549f4c59356833281682a9e474e05d934d8d36f98bd6
tristanmahe@voila.fr;4fc6a52f2039b802987eb2382890071a9b488852be431bd10b7e36e241bc4a7a
didierjeanne@wanadoo.fr;646d2249cc6c9f4c02301228d4df7e1cad72d8d555e89701a183894512c3a7b2
jdaniel@wanadoo.fr;176ccdc2265f7f0ce48c534e7838a9b30a43f846cc4707b717f8f865c28fb1f4
alice45@yahoo.fr;250f6895eb3b33fef65fd0252d3c5e4556abc6ef45d6c08db544a46b949a88ac
jdelorme@orange.fr;7e828cbcff08f54af94e540390bec5447e202b292cbef55cb239a0457427afd5
remyfontaine@noos.fr;313efedf9c9d7238a7bf7ebf5563c1679168516c900f5c5ffb51945deb4a5bc3
margotruiz@tele2.fr;84bf6453a66538ee7a85f6e0d3ea88a5b93e1864cebf0ac4dc724d7097b3c201
gdescamps@laposte.net;6e41b357c6f676525b079615f53a76262baaaf948a7d76b4f13d1f852acb4032
michelle18@voila.fr;99adf04d05c9da88d975fd60c7ac3d745788ab69c5a12193428aead54cf0fc3b
wledoux@voila.fr;7424f47501980752da01fc53990f08da01c1ee67a7e4e8575aca82d76319c012
jeanneblin@hotmail.fr;b5c99678829dedc4c20a6a5fd795572025571969a0fee7dc91901b51e9770a78
vbruneau@tele2.fr;f55e3ada079de8f7e5a5d74094d3d893407b47c303f50b3ebdcc037ba5293156
elise50@orange.fr;2aadf15ecc8cedaa659f7e56fd648c462ad1afe1718dd703eeb1cccc54997c4a
bouvetlucie@dbmail.com;af0fcd7ccdd0a5ee9dab8d201d30ed0cc7111cfd35c5c5077f045dc124bb1547
bpereira@club-internet.fr;1003e573cb49885cf1934b27ae3266f72c4e3228fef01bf1ddf2f696d75adeb0
clesage@tele2.fr;811ef4fab03527b36d72caa84de08955ad49d3ff0687f3eebb34f7d86df13843
dominiquebonnet@wanadoo.fr;d51877e0523a4ff0e604cdf7d6b6903288c7fb644a194ec4f4453f727813c8d3
gilbertgillet@noos.fr;432ea455139693f2b8b96e35fbc12a4ebfbf916e9acc791572a80548f47b0f57
suzannepetit@tele2.fr;633134d8c598d95169cce000c3e23a2871367ecb4a93ec40fb0e4611a1e5850f
isaacfernandez@dbmail.com;20637320c52a2e946d7f1c5174926c4c8e01183ba0828b39a7bb8e6651505b40
stanguy@tiscali.fr;d7043aef01e7c7b23e95249b462a48d988801f9aae6c70bd131a0722e6432d30
adele63@voila.fr;92449d20ebc58b83791daa90600f1986df1470e62907bfd1b3618dccb3591ba2
wdenis@bouygtel.fr;092fc9220368769641f49329094917542346acffda42b56e50e4133b48af95e7
gilleschantal@bouygtel.fr;ba8b53a7c4b08f4e52d9ece12b3584a6dec3b56fe6d513d521de94a76149b70d
stephaniesalmon@club-internet.fr;f192ad52c4fa700fa4a28f70c7462ed2178a779b669112c0069942cad3b9e3c2
frederic27@live.com;3f75402b03afc6000b69cf7e9af6f3d7b630eb6381298877ea820ef8e899ba5b
valentine26@sfr.fr;6b4cd7df8ba8c9f870882614e3f49166fc2b2d2f49b8816fb7187ab158e9b906
suzanne42@tele2.fr;de391287b478462bd6d62f9141581189fbaff583c5bf9986639dcf5d67d88f31
emilieleveque@dbmail.com;abfd29f8400618be97deca4988b077a067fdd03db449ea2c20e5e91be2e5ea72
blancroger@orange.fr;0d43339002d72e67b2b23200b90063ec42bf49d6162b524f2c27e5f3a8482947
qclement@live.com;b910d72ab40085e1fc0df864cb1b7de18373d0beb8a628d5858ec6ae2480cf5b
xblanc@ifrance.com;2061b5711b1e6e6dbd001cd72899663cfba961cdb8e9481b7056a0017751bdcd
guillotvalerie@yahoo.fr;c23c02ed77029405b6d34635a81e695a5659615fa5b7061504cb9c750935954b
bouchetadrienne@bouygtel.fr;de6c20c315c79b4af056707a469cf621f9bbb04086143e2a61ef9b3ea3c1ac03
robertoceane@laposte.net;7e7dc8a0a707b780eafa14dd61093034ee77b121c39cf50c1e3479b43561fdf3
blanchetrichard@free.fr;6942f556de136d72c9bd716c902f9ca1b00c4f7d90c34037aafbdbff52a2fd8d
manon42@yahoo.fr;93bc295a5513f50381cfb5be10bee64cb88165d1dbdce6b71ebd4722a7d4d6af
ccollet@noos.fr;42c1487b6efacc5d787bf6b7d75827e118496f51fb109d486e935f6406dba116
andreecollet@ifrance.com;17799166c5bc10c1e35faeda02b221285edd3f64294bf86a2407cbd594dff044
pineauoceane@sfr.fr;d31886871b6236ae909c99a1bc73ad8a4f967039972a04c9b68470ed1ab192be
christine92@dbmail.com;d308dc3d22cf57956206984210446249f6d3502e721f3940da9d3ba47ce9e585
kleleu@tiscali.fr;281dddf28ede2e7fba294d62eafaacc960c2c7ad794593b3bec38e4fe8e9f6fc
alefebvre@tele2.fr;6d1e2aebe03de447e369f88c0dfd8bc6ca4918f07b9cf79ec0c81022e3271af7
brunlaurence@dbmail.com;bcdc9bac24da04a07baec9fc8308d35beffa3194b8b765071db49604de6298be
jmarechal@club-internet.fr;d3e872a6f2c09e3165cb25198ae4c5528d9cf83145ce71296b90a5caf23a8a76
clopez@orange.fr;c91227b7a7ffee311ceebfe5ae8bf0c5b74c4447a002e9a5b2621db31c784736
astrid00@tiscali.fr;667352c9fc8ffda5ea41925babceef3043fb96fdc4ee8df42d0e3c8a2eb71446
valleedaniel@ifrance.com;f10f6c2e5ae2b1ed38bb9a94c7b3b53d7c08383577f590c2350b2d60399ddef6
nathalie62@noos.fr;c37b77c6484a99259d6d0ce637290b4d45d480b14d46e41b4a75fbe1d0f46ba9
bguibert@gmail.com;ea85a97aa5ed1c24d573d4b7c859cfcdd157d0d8589237a37ce9caefac39e0f0
alvesalix@orange.fr;d399391038ddfce8d8d5765a37566ac43e3996b5da0dee21749f08751fc4051d
gilles51@orange.fr;cb9b81de442db4911c659e288b987cb7199355cb92db4cbf5cc58c5a4a8aa3c0
milletlucas@club-internet.fr;608ea01d6ef6ab87fd7f1dc9c1f8818c3d1da6966ac57ac3c50707ee10ffab2f
simonedelahaye@dbmail.com;45aa14bcb6236561e7d40d89eceaae251a1046ebe6d7a17a575c8c516f53a2fc
xpayet@bouygtel.fr;1dc2dc29ddc1e75876e9b8421bb53eada31da830dc3aa85bb0bf073428c56879
augustin03@orange.fr;fd86e86cd190b9e1db06635c1dcdac70114bf051d4be3ee0db0b48fc7a61f950
etienne00@voila.fr;75527d8166764f184caa53448b76067ed7dac049cf1eca181fb0634887a3e679
nicolas05@tele2.fr;f57a341afa8c60eea3dffe27c7656a4d052076596b827fa05d3b8a0cfc3a9232
adele30@live.com;23338180b11eeff42d5adfa8c7da1ecc36487b807757c1af5b25f789f927bcee
michelle50@hotmail.fr;f78472853383d35d9dcfb5e492f665fb8ab674cc7abdb477f4f0223d5e6426a2
lemonnierceline@wanadoo.fr;42a13e48114769e97ce1a17f16bd724d47cd847b28c4cbd4ca54b07850976d5e
bruneaujeanne@ifrance.com;1d5d449025d12f6f672f6742c86152a1607a608e0c206b6f5962834b48e4843a
thibautrey@hotmail.fr;68398517d7d672c9f0bb8bc2f432ace7076f4d873d1c82a8c83fcb96735ac0bf
rmary@ifrance.com;f972063d3b168e0cb40d701fefb1e297b6bf815e8445e986ad07a0d2b1654a3d
besnardalice@hotmail.fr;604caf7fdd3233c4e82b0c7d5404e504313eb941720fffc02cf69ba2df4de76f
nathcarlier@yahoo.fr;363c104918ba2bcbbfe1cb5df17d04a00e98eceea07bb9fc133ac11b19228785
laetitiapruvost@hotmail.fr;0ca791438fb932099e385ddd69a4336cfdae72358caccc6a877a428ba1c2de3f
ealves@bouygtel.fr;6346d6e3887177658daa7b81d7c174e6b36fd0de20e77d122f48cca3dc092419
guilletanais@hotmail.fr;1aba205eeac6a06e4c6f06bc66573bd4424d34690881c972dd231447402d2675
raymondgilbert@live.com;956f2e46d0e9e3b7c643369c7adcfc7c8795a113d6684081daf355378ac7481b
guyotdorothee@yahoo.fr;8ab60ff1e4573a2ff97e7a7c7f9bfcaeb6ff5384c0527c8d16ff4bcc38e36390
christianeleconte@tiscali.fr;a72e344dd2ed314343643d6b3fae4b9e8f15db5af8973e9a7d5751dd92240f99
richard27@wanadoo.fr;506390b544a3d82089d801855cc805b6305f564ccf108558e4a67fc2e6ea8bd0
stephanie65@wanadoo.fr;9298e5285fd6590ba4a2a8cd54e2cfb2c2cf6247867138def306459b8e5c94ea
adrienmary@yahoo.fr;5e2b12f1557c013cc15d58e879dc1c4258c58531a7a42522b144fa3bea37df73
eroy@noos.fr;46adca0d689ef55cc64b866f2288d99f7f96265f248fffcd6b1e12f64edcf8ca
eugenelemaire@dbmail.com;7a93b73f9dcabda697c7c959f4c697df4e274260f08056e7e900131e3f711e52
xvallet@orange.fr;d0e9a19c831ca77d0dd44c4f872970173ba8514a871888661fc6acc07b44d477
astrid51@orange.fr;46e48b4b7c5a1a7262e64a11852f4d36625e3e98fb05189c875c50a5ac194f2f
alfred22@club-internet.fr;0d8249ff12f7923a4ad55981019a2bdb2d3619840fd2ad11d11eca0973e94794
upottier@hotmail.fr;bff7e8bb6a951843c89173c3c09f20aeeded61609566ca95bf2ddfeaec06620a
maurice07@club-internet.fr;208850eb7bf99c471de4d42750f12d37f264b94bb3ca6925ddeee8009d7ca200
laurentraymond@club-internet.fr;8e6957ed684b1c8dec0bd37174dc5cf866882cbc61d78579f00f582e9940d6df
thibaultmartinez@wanadoo.fr;cd371605ad3504645efa59b6382d0770b1efb6031477bcf54279898d15b710da
hortense45@wanadoo.fr;69de543bbf6ec48bbcacc6d65953f3b7baf0f99d7ec1462a37ab9d11e4b37e8f
chevallierfrancois@voila.fr;5a5e6522d8fec6d5f3980d60b7d3523865bd4cfd497f85a430d7cd364ee34be3
boutinolivie@dbmail.com;307f498303f597d6155cc1b1f94ce8d7c69198c56a58693a0efd47f6d146d92c
lucjoly@voila.fr;5bec30df41af8f146f020952051ebc38fa59b6c83ee61b3d302a6ec965a8a8f0
clementdenise@sfr.fr;9aec0c6400fb14836784f9f0347d087adb815bb1355e05209eb773958dcc43f5
tristan28@bouygtel.fr;b8beb8fb7c86095b7faee3fc70478da0c9ecd70f33b3c085bd2ca93068814ce5
agathegrondin@sfr.fr;d9f7ce529acd0cf84434d5111eaa767b2e8ac17f38ccfa750b1aef66b7196b92
auguste39@wanadoo.fr;2c0a18f45501f26f7299816dee9aa7809e4a5be69f303bf41c4b7c7dabc4692a
philippine04@bouygtel.fr;310356ba19c0f421005513df8468ca3cfd5fdc3255019e173938a9136426c74f
thibautleclerc@voila.fr;bf7b7db34970f8ee3509e63e78f0b35d58371ac7374a50bbd757d75631238bea
isabellediaz@laposte.net;e36555a0ec36c7cce6faa1156e318d8f5dd7fb22c5ca2662886a7b5f467b6dbe
lvallee@hotmail.fr;44f15f08c02f3020667d9af385dea34f4ccfc1d3e59a03061b6ac8d3628b554e
frederic31@club-internet.fr;08a732df8065f9add0d70d742be9e04f2d35b52b05efe55cb98a5b592aaa3ea2
xhoareau@dbmail.com;1be36e67a2b6ad393d06b84190651747aaade170ee7d5ae59d2e16cc67163411
benardarthur@live.com;16df032059efe3b46f44335525cb5d234dc0d62d30a6c990d04a7a70a61a8437
lorrainegermain@free.fr;7c2f61966aaabd8a42c3ba529c1efb7ba0960295600f5000c3457a6ae8e60e8f
lucy99@orange.fr;9dfddf366a05ff0de52aa700562c8c3b3106affe3eaab729c962e018ecab6840
stephane89@voila.fr;d9456a70464bd47e1fa5e23d90543c2d569e614fed8fe7449dc4935bc884b338
hcousin@dbmail.com;ec7e15a540468d296c2aeba5724a76eb917b38b39cff044088e875a666e864be
rrousset@bouygtel.fr;f0d89b69de1f634a4ea5e9db8a14913726217dba97c992b214b666e7e60be881
eric97@laposte.net;9ffa496361fc2854a934ae8fb9e13364c01c3e43416d8884d79962cf7bb953c7
joubertrichard@laposte.net;1c397866118cc1b6490beaaba22ffca8b19c36f8f44eeef773af39125f861b34
jacqueline91@gmail.com;4374c415567e85ea684831c816afd98f8bb3d78afd57b793a3bcd0080b8a3901
anastasieremy@club-internet.fr;2069340290c799d475c72001ed98432d65feb37b91c23c98beba18de8988ffca
francoisemunoz@gmail.com;ca8e44bbfe50304ee7c87b4e19d7593c643253146ffa7058147a00a09bed1ab7
andrehamel@wanadoo.fr;c09020375acd03c763d4c0b8c7a975dfc07a7b7d7cdbe96069d672fdec079892
catherinelefort@ifrance.com;f977dc8f67e9d28983556b098c0b1a23eaba9d2ab1a45e5f49118f7f0d296de2
marthe12@yahoo.fr;02473086eb89be3bf30520d0206faa56636584cee4c2e12ad7c7ba87b9bd2fc0
francois96@sfr.fr;e351c469b5727484e65b7d65c0e75121a8719bf46d776f4c1da48a3363a3e00e
guillonclaude@tele2.fr;b78b6f109a0e5d71ebb68d179c8386145fa6372ef2b4865066e0cf45720979c4
valentine61@voila.fr;324fea454e28fcce4444bd60a64e23cabd3b3a31695367faf0d2a5d008953054
marc84@tele2.fr;2cde3e47f0de85a412c2012a80eadb5cc25868732ff93ec0691b43deb2e1ffc7
gosselinnath@live.com;97fb22166ee510849e189ff9c47569a9b5175cdc08a04f84b3b95e856c662223
perezgerard@yahoo.fr;3ca2202f9f170187ebc4ad80493392330f76ad82bfe192f7a50fb0f335405480
leon60@tiscali.fr;7dfefbb9872c73f08aaa6cb15b431d4e70df8449b29ac1a7091bce2e5bd716b2
grondingeorges@yahoo.fr;fa7ac5db96ef6c57f3ed3abaf3ff0976b45f948119919ddf3e0a48377e9079b9
rogeraimee@laposte.net;e0f26dd5b4736f284622c5518d6c757877000c983159725f9c789bb2c4a0aad8
leon03@hotmail.fr;06e1eef68ceeb25a91911e047a8156af1820c5e46710d51e8b8c5537122285a1
david08@yahoo.fr;76997dffb1e0a9927d5b136e73f50eb02bbe7770fb666066996c5a99044cee0a
margueritedupuy@voila.fr;f730d276c2d35001ee699417a943b6892425e3dae7f324cd859a6c10f3904ad1
frederic54@live.com;e5715ab9f7a4745159f7bc9056478d83ae5eb4be0ca6d49711c5525e3d8bc900
detienne@wanadoo.fr;88275521fd472dee201ee0d79a3323383ffbc92416df7c0d9ce0eb3b55303533
falves@free.fr;b7cf128c191644531aa9f163a82584bbd9e7b0e306fd7d6cf7b6029a40078494
elise90@club-internet.fr;eeec57c80d00fe0e07fc0f804730d0776e8575c3bd3b29c9c02c65259e415338
imeyer@tiscali.fr;12de9e40454361ffbd38b963ff9b86e8d2cd8d31e328d5c15e011bdc525cdf88
josette22@orange.fr;4387630b75e1886525e110b4c5fae7a05e27eb04bab2e3d69d81cdd25ceb1b1a
nathalie09@wanadoo.fr;93ee1b4de9ce5e7e89cd626cef619bc4b4b51f67d61ee184adffa8fb717c2cdd
ines49@sfr.fr;76e85ed79878d512633df918a184533b40a9b5a24d11d9b797e633a5dc8326f9
xchevallier@hotmail.fr;bd9ce3170b0e32f05a0f164c5b47cf24ea87b6569931383058c07b84ed01bee5
alexandriebourdon@gmail.com;6fb6e2117fd07d1ecadbe8d9f1cf4c55e2cf3a8de15c4de95764a525758123ee
franck20@ifrance.com;25861bd708cbc22e7d1e0c451978aec0489ec0f4d665c83bbbdc95999ea49705
zetienne@orange.fr;2f47db52678092b6c45c438a56c1b4077a17ac71f61b80b7a238385cde3d849c
daisy75@sfr.fr;6912ecbda9fc5114516c4fcec39362529919941b1a4bca6313dc981c670b9b36
nguyenmargaud@live.com;74d1f49776480bf02f2ad60cf7ace067100d103e9117a9e73f0e4d3e38a6ea1b
augustindupuis@dbmail.com;c5eedd47ef3bdac5b286c2e68aa5d42af0ffd610bc6caccbcb080ee44b0f77f3
perrintheodore@free.fr;9182bbccff266eef407ec5730d2527af29c370861c9901e0d7329725f5ae9e1e
irenault@tiscali.fr;183bb3df03d2bba5e54dbd5269351c38795006a12c4abf225908529dfc93049f
thibaut48@ifrance.com;202ea8ed245efd4f518545752105eb3a498a63c940af1df6676520d820113165
garnieradrien@wanadoo.fr;d60f815957dafe0a1393ae0880e8451cd85324d6ece20665abb2d2f626171011
guyotlaure@orange.fr;1428e9b9f6219079b8d1a030d793627b72f64f2b8443b436c4b885853ec2dc10
brigitte17@wanadoo.fr;556a4fea28a6542c46ae71de4fc27c00cde552ec9618d54ee5bfd3780944ce3b
julien06@dbmail.com;f68cf1a3b392a15c360cd24546dbe5c0890f151531bc03d4d37492e773de568d
denise27@noos.fr;713712ffa702de5d21666d3f2ba1c2c5bf8479b59acf03052b2b9001787925f4
odettepelletier@bouygtel.fr;8c155783cb8afbae6df509d55a777eb2147bb69f585084f7d9b9cfe42315869e
kleinceline@sfr.fr;9e94ba00056a3a6b4a1c9a6e574c145361c3200148c5ba6cf2efd24256e878d9
richard61@bouygtel.fr;71ef36fdf6c58c992543c88638ba12f7341bfd85854fbf2ce7af7a59934740a8
henriettedias@tele2.fr;25f2ad2c2e90c2af4aa6eb56d04b6916ecf079f0fc90ae7fe5bf0cbb62715573
dupontalexandria@voila.fr;8a6c37ab2cfcda6146dc9a8f6ca42ee27b085527142d67d6479b69a0091d8e26
qlacombe@voila.fr;c74edf68810a51bcc3307d5f6e47cd023d26e5c3234c8ea662f47e5cd60560b6
clemencecarpentier@bouygtel.fr;7ef877740e0697d5dd143b0578f591a198fd5cb4262bd0aeddb107db6e48e695
dalbert@sfr.fr;640414424994ac5eba5ee5bdd9d589e28696178ee64960656c7e98658c08de3c
alicedumont@gmail.com;7d56af0ec37765789a4cb4b178b1e6e2ff6ed01905666b6acc19847732bddd1d
nathaliedescamps@noos.fr;a81cab068eba678c0326a99cb2115cb9b87cc1ef6666e6fbb4b1d226b02b4686
clesage@voila.fr;a005089e262dff6df31299cb9c30d9607e12f3f643494c39ef1e15df5cd71470
duhamelalice@orange.fr;2c41fac188fc8358bbbc699fa77358d61a8643dc901f2f767c0e90ae21107bb8
faurechristine@tiscali.fr;7546420ec85a1ad4ea2f3b6d63e9010b1806473d907fa7f7cb678aaa1b7e98cc
mtexier@laposte.net;159022de220a1e709d37d72450850e03c9ba8274938a1005f2822e933cf77f11
hverdier@sfr.fr;d0e8b81a91169869d29eb23f952f06dd67a330fc65d14f4fa40210ce4ef6a266
helenemoreno@live.com;d0dd09aaeddafe57e171e93dab29b98b192381c489fffbd34cbab83382ee050e
dorothee43@voila.fr;afcafd3bd223a7e0d11fc5a66ced63f5f160984402fa2405bb5f3932f4c36ffc
prevostmarianne@laposte.net;ad1d83a2ecf67dbd067ee364df31f011f9a97d76c3ccfe1747ae070f668b1549
ppires@laposte.net;0be7760939d4f46109107ce8f4e0c0104fbb077557a21e7dba04cf8f69923610
hortenseduval@orange.fr;f022b4505befcda72376bca539ca92d983fba1c578b3d664dfee5027cb43cfa0
mguerin@voila.fr;989161fb6f0cf55d0756c5450a91465c55422d7d51aaec78f298eebb35216090
augustin72@orange.fr;d665c1e8d5e462215d50df1f609694b94faf5d9374f403168901c57ce8d8cd9d
yhenry@ifrance.com;9de10be41140ced72c2d84ecdfe0cafdc49c5bccc951bf6e45b7a1e752eee334
ruizvincent@gmail.com;2a7cf4eb02551feb60af14a15e341197c5732633380f056616ec8b748506cc07
alixrousseau@yahoo.fr;a25b0ca9b8d267a3b6c047f063f1401b9bb78615825808a8dda668517dd18c62
jacobines@dbmail.com;7f345fb08a6f5918fd46a8411a8015f2ec0075732b2c0a75e2e6972866c89f84
ines97@orange.fr;b4cabf01382a5b3c03ca74d10193d162173861595469e5a20855205c9a5c3e0e
de-sousaadrienne@noos.fr;4848846d7e2145d2c0ccb43201758b7ed5c0760cda8d06f1c021df1ae6394d4e
zachariefrancois@live.com;3fb62825243caf88ba940fe24077f9e1a3a89518a1d7e73ca9d33ab3ed15ada2
elisabeth80@sfr.fr;3bd0d05a0b0defa993d41aa9888527059b9d2126b13d6a1cd256a0db6c2780f0
xavier80@bouygtel.fr;869dd241290b6d96aec967c7f286ae346bd14a918e5918a8f322a6e67f3676c8
mwagner@wanadoo.fr;eda5399b83172259d0f23073a2bb6abdb933fa8b01b8d809b2d84188816b1516
nicolastexier@sfr.fr;95c73affb27d2d10e6346d4fcefca16dcdec040d0f390a383fd42368d00ba507
zrey@tiscali.fr;b3336cdfd0389973ef72d7f645176be9f4e10278281499706d48c3806ec04b8a
brunetzacharie@hotmail.fr;0f084df8a6e668c6f06be93334d75fbe14b5a4053de2785a02e5a553dfb3a625
xblondel@free.fr;09184a6a325eeab50d177bf83bba7bc76fa472f4400d8baf8c29dbd4a03c588c
delormeisaac@orange.fr;82da7908977de1121f0330153fd45c6799e5a09f068f9e13718340c6a64b31d4
josette79@sfr.fr;6f079cb853f95a91d3827c6c8d231933c7731ab486c4be122d1db939ae373367
lucasalexandre@laposte.net;3b0e20be56c066461c9134f198a7c33c40e0798b6d062bcdd3c28bc10abd783c
xguillon@noos.fr;cf9130f7252fed767e438470f191bb1d3cccc8d56a365413a9464232ec602617
lucas38@noos.fr;2a044079e44c8f954d0e346a67904eeb50560ac4c545f87ca9b4d1e5220bd5b7
jacquetadrien@sfr.fr;706c5c3a89732debde50229a0a210a252c5e4c2c5d3fa8afc03705216de29ca5
huguesda-silva@sfr.fr;7dc41399d9fb459aac299c7b0aa1461a4068467d2562b1adf1fc8bd59bec6a4c
celine10@club-internet.fr;17f27f98e2ef93bc0636fb499e3ce8f6c43f1a43f109cf0edc41f8ad42a53d79
camillebreton@laposte.net;56dd8cdab913addfdfbe84363f305bb5beb8023858772f8f5b28061cb300f6a1
laurencenavarro@free.fr;3900c48e9f1110abc467ae8e71bd00224e9bed830b0480ea60468f7ff2dd89ec
bonninlucas@orange.fr;e4556a19e947d92a660ee293536c0484a22a9e5cf24c3f8225988d69a6753a5b
lemonnierhugues@wanadoo.fr;112e48035c89fa614745863a01765f2ee73d76b2c60fb9b7c5b0d8400a2cf370
antoinettetecher@laposte.net;8334dad193c2c2ff9510b82faecad462cd79dd62737c6b3ceaf597354ff25b25
munozastrid@gmail.com;26022cd8d627fce7ec5f26a4596da946d77925b75d4b5184179bf9a1906cfd36
valerie14@gmail.com;b9528860e4e614cf70e3e1820aa95f8a203f4a2585ce93a54e939f90d2780755
audreylebrun@dbmail.com;117ac8c6f1d5a36fe958484fd7bfe7b6e400d24c779cbafcd16e0b565ba0a182
simonerenaud@tele2.fr;93a50d5f2ce5f9395cd04853c71c20da881b25b14083f88bc386d2789980ec52
ericbodin@gmail.com;7600d3323ed7fd80f2e162ad92891848ad61f7fa315d5d161e5f73f5c0488cd9
ecolin@sfr.fr;ec8373f3aa42711c3886fdb32e5a8699c99c619f95b2308adbfb5c3fdf719f32
lucie64@ifrance.com;be28c841b35cbe6e15587df1eddad90fac8c7066ff63256f3dcaaf6807606b2c
stephaniemuller@orange.fr;ab245544182a55d6c4d81db8465c3f79772b533bf49ec045d56281bbdac73435
antoinette40@hotmail.fr;ed153692bc19a89e91dac015d1f19ac7e31e840b60b77a33068c4176e7588b00
martinegallet@hotmail.fr;ba7990ef1500439edc44fee815e003678407776d1492ed82e5f684a06c204a70
capucine17@wanadoo.fr;8f399588cc803c7bc1608eeeb8eca2eb99a01278c08b0fc9bba8ec9493f18d0e
josetteperez@gmail.com;dd54e82b5af83e93057c4937ad4220bd2c54b0b6d27b425a34fe7d86f3b6d137
pjoseph@noos.fr;e3df4831fd68ee40fb42a98f41cc0bdff11dec85d4a71a493bc32e9464c538b6
anoukmasson@voila.fr;3f02b31078187a8c627d3406ee858e6d08224e73c5d95051a484b103288de68d
agnes22@tiscali.fr;1f430cea28355beab8099f8827fa2d1a57776436c33787215e6d62bbeb424a8d
plebon@live.com;027a667957d9b287808acad38ac4f91bdf9d7f855336f5aa8ccf8aedbbdcee44
jules72@bouygtel.fr;93af3a98016b2d8362e2a4b7a04f970afab8f7666a69ba61049ea87067ffd121
josette88@laposte.net;5d8fa4cfb6c180f2e4faa014a2c0bdeb0d17070bdbe8cff1d1ffd443864e9991
jean73@orange.fr;f2b5d786370ad283b71d8b4eb4d7bb08138a9b48a07563bd30f8f1918610c81e
adeleleblanc@dbmail.com;8e8ef73ac9e2b37582b3f8236c9aa1642a4d4ba155a42d8c6b6c5cd92d116fde
georgesbailly@ifrance.com;dda9ea71ce1a209b6bf619d5dcb3751f6e8df08023ac68ea52ceff14a9a48074
jacques01@voila.fr;97f100fa6588aaf4a5534247df54c8036bbdd120a3f86fbadbd5120dbe5fc7c2
bonnetlaurence@wanadoo.fr;48ba4a4ac3297dad98620d70b3f9e58b662c706c93518384f91984f3fb37e1d7
edouard25@dbmail.com;6e3e6bb40abcc64810fff45d82fe1eb4435d4745ca6f00d717de347ee8f294d0
augustemichel@noos.fr;2e6b519c191d703b115bc204d94755f90fd06209a9cceb6937f6e24dab6bf4eb
xroche@live.com;21d1efabb8f52f9946c8d1507c5b88b251aa3c529d66fed9aad15a33ae3c6ca0
helene05@gmail.com;a24f51bfa583ab45238a2ee3db07bd7e079e5703fc9e69978be52428102a039f
gillespereira@yahoo.fr;c20f043117cfd78ac94ea6eacbb4fcf2882604e68134f26936319a8d3ef0b820
merlesophie@tiscali.fr;1dae43487fe34aae3190e87b42932e743f07ed58524f5c7a95a38b5666d274cd
dupontsusanne@club-internet.fr;5e7cf735703d05835fef9593eba52de88f0d607f4deb50aa1ace01444004a810
thomaspauline@tele2.fr;242cab21ed3327c88eef27ca2b483cc6e7532d6e1d1e66d69221684b384d4acd
lambertleon@gmail.com;301ea6fddcc9486f7ca98eec0e8af2a855585c2def7c861227fcb84b537d768d
xollivier@laposte.net;1cb147408c87288758be769fd8e60edd6296c0cbb7530b24044cdea476f054e5
nhumbert@dbmail.com;91bdcaf585ce7316efe0ccb325cb02f8f5b3e31e8687a95b56032a296ae896bf
yleclerc@bouygtel.fr;ba79d3f5b65484535572ff034425a70e62138fb4b8dcae7219a230616fa5ba7c
colletzacharie@sfr.fr;aa961b1b171bab8d855690b16e51899d707cd8a0ecf445f427f55bbbf8a84a86
chauveausylvie@tiscali.fr;c5fb39f4779193f76a7a67149fde0382099e734d4ee2ec3edbb2590d038e4993
techerclaudine@orange.fr;4dbb4a70fddadb8598509e3dab5c7f9eac81b59f0e5f30b69f929d729f004fb3
smarques@club-internet.fr;c5776e263a1f88afbee1575268803e3e8f0a14b3a46c25dfd8508a959171a0e2
bmaillet@free.fr;8355c4c0428fdcc35c3829411688ec48e7875f2e1941539dab2133dc2c5ee65d
sclement@laposte.net;36c11cf4321b293bffd3fe70dcc77cd0a0ac79728b1c943423003145eadde49e
de-sousaelisabeth@gmail.com;0532267199a58fe3cc6065bf1768a6fd81f8a1ca0d8428442df8e991e97d5500
nicolasguyot@ifrance.com;e8fc29abae566cad089c862f2f4ada134722fd821d4a889f2d518c5540dc4a99
ochevalier@tiscali.fr;3c2db4a86d9e2949009b5d543e1cf12697cf24b78ce2db3703921a7d5089fd2f
daubry@bouygtel.fr;153d3469dae0f59032a1f2d8ce36ca391d96aecfae1852c005d6b7deed848003
ychauveau@bouygtel.fr;5048707b20ba9e97d302ee7a2925ef680bd19381c3eb4152c6958dff28477633
martingomez@yahoo.fr;35d0dcf4f2c0efc76856a3f9a7f0231d25a0c7c1f35215e80a9fdc679b8ebd89
